{"name":"Get current weather data for multiple cities in the world","id":"get-current-weather-data;get-current-weather-data-for-multiple-cities-in-the-world","testSteps":[{"number":1,"description":"Given I send a get weather data request to weatherbit with a list of city as \"4487042, 4494942, 4504871\"","duration":520,"startTime":"2021-05-31T13:18:27.727843900+10:00[Australia/Sydney]","result":"SUCCESS","precondition":false,"level":0,"children":[{"number":2,"description":"GET http://api.weatherbit.io/v2.0/current?cities\u003d4487042%2C%204494942%2C%204504871\u0026key\u003dd0a962a778fa4c819c29c9b0e6e79b46\r","duration":0,"startTime":"2021-05-31T13:18:28.248596100+10:00[Australia/Sydney]","result":"SUCCESS","restQuery":{"method":"GET","path":"http://api.weatherbit.io/v2.0/current?cities\u003d4487042%2C%204494942%2C%204504871\u0026key\u003dd0a962a778fa4c819c29c9b0e6e79b46\r","content":"\r","contentType":"null","requestHeaders":"Accept\u003d*/*\r","requestCookies":"\r","responseHeaders":"Server: openresty/1.11.2.2\r\nDate: Mon, 31 May 2021 03:18:28 GMT\r\nContent-Type: application/json; charset\u003dutf-8\r\nTransfer-Encoding: chunked\r\nKeep-Alive: timeout\u003d5\r\nX-RateLimit-Limit: 1000\r\nX-RateLimit-Remaining: 967\r\nX-RateLimit-Reset: 1622505599\r\nAccess-Control-Allow-Origin: *\r\nAccess-Control-Allow-Methods: GET, OPTIONS, POST\r\nAccess-Control-Allow-Headers: DNT,X-CustomHeader,Keep-Alive,User-Agent,X-Requested-With,If-Modified-Since,Cache-Control,Content-Type,Content-Range,Range\r\nAccess-Control-Expose-Headers: DNT,X-CustomHeader,Keep-Alive,User-Agent,X-Requested-With,If-Modified-Since,Cache-Control,Content-Type,Content-Range,Range\r\nContent-Encoding: gzip\r","responseCookies":"\r","responseBody":"{\n    \"error\": \"Requesting multiple cities/stations in a single request is limited to Advanced/Enterprise plans. (https://www.weatherbit.io/pricing).\"\n}","statusCode":403},"precondition":false,"level":1}]},{"number":3,"description":"Then the API should return status 403","duration":0,"startTime":"2021-05-31T13:18:28.248596100+10:00[Australia/Sydney]","result":"SUCCESS","precondition":false,"level":0}],"userStory":{"id":"get-current-weather-data","storyName":"Get Current Weather Data","path":"CurrentWeatherData.feature","type":"feature"},"featureTag":{"name":"Get Current Weather Data","type":"feature","displayName":"Get Current Weather Data"},"title":"Get current weather data for multiple cities in the world","description":"","tags":[{"name":"Get Current Weather Data","type":"feature","displayName":"Get Current Weather Data"}],"startTime":"2021-05-31T13:18:27.712209100+10:00[Australia/Sydney]","duration":536,"projectKey":"","isManualTestingUpToDate":false,"manual":false,"testSource":"Cucumber","result":"SUCCESS"}