{"name":"Get current weather data by lat and lon","id":"get-current-weather-data;get-current-weather-data-by-lat-and-lon","testSteps":[{"number":1,"description":"Given I send a get weather data request to weatherbit with lat 38 and lon -78.25","duration":625,"startTime":"2021-05-31T13:18:26.883415200+10:00[Australia/Sydney]","result":"SUCCESS","precondition":false,"level":0,"children":[{"number":2,"description":"GET http://api.weatherbit.io/v2.0/current?lat\u003d38.0\u0026lon\u003d-78.25\u0026key\u003dd0a962a778fa4c819c29c9b0e6e79b46\r","duration":0,"startTime":"2021-05-31T13:18:27.509089500+10:00[Australia/Sydney]","result":"SUCCESS","restQuery":{"method":"GET","path":"http://api.weatherbit.io/v2.0/current?lat\u003d38.0\u0026lon\u003d-78.25\u0026key\u003dd0a962a778fa4c819c29c9b0e6e79b46\r","content":"\r","contentType":"null","requestHeaders":"Accept\u003d*/*\r","requestCookies":"\r","responseHeaders":"Server: openresty/1.11.2.2\r\nDate: Mon, 31 May 2021 03:18:27 GMT\r\nContent-Type: application/json; charset\u003dutf-8\r\nTransfer-Encoding: chunked\r\nKeep-Alive: timeout\u003d5\r\nX-RateLimit-Limit: 1000\r\nX-RateLimit-Remaining: 968\r\nX-RateLimit-Reset: 1622505599\r\nX-Proxy-Cache: HIT\r\nAccess-Control-Allow-Origin: *\r\nAccess-Control-Allow-Methods: GET, OPTIONS, POST\r\nAccess-Control-Allow-Headers: DNT,X-CustomHeader,Keep-Alive,User-Agent,X-Requested-With,If-Modified-Since,Cache-Control,Content-Type,Content-Range,Range\r\nAccess-Control-Expose-Headers: DNT,X-CustomHeader,Keep-Alive,User-Agent,X-Requested-With,If-Modified-Since,Cache-Control,Content-Type,Content-Range,Range\r\nX-Cache-Key: api.weatherbit.io/v2.0/current?lat\u003d38.0\u0026lon\u003d-78.25\u0026key\u003dd0a962a778fa4c819c29c9b0e6e79b46\r\nContent-Encoding: gzip\r","responseCookies":"\r","responseBody":"{\n    \"data\": [\n        {\n            \"rh\": 88,\n            \"pod\": \"n\",\n            \"lon\": -78.25,\n            \"pres\": 1007.7,\n            \"timezone\": \"America/New_York\",\n            \"ob_time\": \"2021-05-31 02:46\",\n            \"country_code\": \"US\",\n            \"clouds\": 100,\n            \"ts\": 1622429160,\n            \"solar_rad\": 0,\n            \"state_code\": \"VA\",\n            \"city_name\": \"Lake Monticello\",\n            \"wind_spd\": 2.1,\n            \"wind_cdir_full\": \"south-southwest\",\n            \"wind_cdir\": \"SSW\",\n            \"slp\": 1024.1,\n            \"vis\": 5,\n            \"h_angle\": -90,\n            \"sunset\": \"00:29\",\n            \"dni\": 0,\n            \"dewpt\": 10.3,\n            \"snow\": 0,\n            \"uv\": 0,\n            \"precip\": 0,\n            \"wind_dir\": 199,\n            \"sunrise\": \"09:52\",\n            \"ghi\": 0,\n            \"dhi\": 0,\n            \"aqi\": 16,\n            \"lat\": 38,\n            \"weather\": {\n                \"icon\": \"c02n\",\n                \"code\": 802,\n                \"description\": \"Scattered clouds\"\n            },\n            \"datetime\": \"2021-05-31:03\",\n            \"temp\": 12.2,\n            \"station\": \"E4342\",\n            \"elev_angle\": -22.55,\n            \"app_temp\": 12.3\n        }\n    ],\n    \"count\": 1\n}","statusCode":200},"precondition":false,"level":1}]},{"number":3,"description":"Then the API should return status 200","duration":15,"startTime":"2021-05-31T13:18:27.509089500+10:00[Australia/Sydney]","result":"SUCCESS","precondition":false,"level":0},{"number":4,"description":"And Response should contain lon \"-78.25\"","duration":171,"startTime":"2021-05-31T13:18:27.524716700+10:00[Australia/Sydney]","result":"SUCCESS","precondition":false,"level":0}],"userStory":{"id":"get-current-weather-data","storyName":"Get Current Weather Data","path":"CurrentWeatherData.feature","type":"feature"},"featureTag":{"name":"Get Current Weather Data","type":"feature","displayName":"Get Current Weather Data"},"title":"Get current weather data by lat and lon","description":"","tags":[{"name":"Get Current Weather Data","type":"feature","displayName":"Get Current Weather Data"}],"startTime":"2021-05-31T13:18:26.867780400+10:00[Australia/Sydney]","duration":828,"projectKey":"","isManualTestingUpToDate":false,"manual":false,"testSource":"Cucumber","result":"SUCCESS"}