{"name":"Get current air quality data of a particular post code","id":"get-current-air-quality-data;get-current-air-quality-data-of-a-particular-post-code","testSteps":[{"number":1,"description":"Given I send a get air quality request to weatherbit for post code 28546","duration":6784,"startTime":"2021-05-31T13:18:18.378747500+10:00[Australia/Sydney]","result":"SUCCESS","precondition":false,"level":0,"children":[{"number":2,"description":"GET http://api.weatherbit.io/v2.0/current/airquality?postal_code\u003d28546\u0026key\u003dd0a962a778fa4c819c29c9b0e6e79b46\r","duration":0,"startTime":"2021-05-31T13:18:25.132225100+10:00[Australia/Sydney]","result":"SUCCESS","restQuery":{"method":"GET","path":"http://api.weatherbit.io/v2.0/current/airquality?postal_code\u003d28546\u0026key\u003dd0a962a778fa4c819c29c9b0e6e79b46\r","content":"\r","contentType":"null","requestHeaders":"Accept\u003d*/*\r","requestCookies":"\r","responseHeaders":"Server: openresty/1.11.2.2\r\nDate: Mon, 31 May 2021 03:18:24 GMT\r\nContent-Type: application/json; charset\u003dutf-8\r\nTransfer-Encoding: chunked\r\nKeep-Alive: timeout\u003d5\r\nX-RateLimit-Limit: 1000\r\nX-RateLimit-Remaining: 969\r\nX-RateLimit-Reset: 1622505599\r\nX-Proxy-Cache: HIT\r\nAccess-Control-Allow-Origin: *\r\nAccess-Control-Allow-Methods: GET, OPTIONS, POST\r\nAccess-Control-Allow-Headers: DNT,X-CustomHeader,Keep-Alive,User-Agent,X-Requested-With,If-Modified-Since,Cache-Control,Content-Type,Content-Range,Range\r\nAccess-Control-Expose-Headers: DNT,X-CustomHeader,Keep-Alive,User-Agent,X-Requested-With,If-Modified-Since,Cache-Control,Content-Type,Content-Range,Range\r\nContent-Encoding: gzip\r","responseCookies":"\r","responseBody":"{\n    \"data\": [\n        {\n            \"mold_level\": 3,\n            \"aqi\": 20,\n            \"pm10\": 9,\n            \"co\": 345.886,\n            \"o3\": 44,\n            \"predominant_pollen_type\": \"Molds\",\n            \"so2\": 0.970438,\n            \"pollen_level_tree\": 2,\n            \"pollen_level_weed\": 0,\n            \"no2\": 1.20222,\n            \"pm25\": 0.90537,\n            \"pollen_level_grass\": 2\n        }\n    ],\n    \"city_name\": \"Onslow\",\n    \"lon\": \"-77.3781\",\n    \"timezone\": \"America/New_York\",\n    \"lat\": \"34.774\",\n    \"country_code\": \"US\",\n    \"state_code\": \"NC\"\n}","statusCode":200},"precondition":false,"level":1}]},{"number":3,"description":"Then the API should return status 200","duration":109,"startTime":"2021-05-31T13:18:25.179098+10:00[Australia/Sydney]","result":"SUCCESS","precondition":false,"level":0},{"number":4,"description":"And Response should contain Country code \"US\"","duration":1501,"startTime":"2021-05-31T13:18:25.288474400+10:00[Australia/Sydney]","result":"SUCCESS","precondition":false,"level":0}],"userStory":{"id":"get-current-air-quality-data","storyName":"Get Current Air Quality Data","path":"CurrentAirQualityData.feature","type":"feature"},"featureTag":{"name":"Get Current Air Quality Data","type":"feature","displayName":"Get Current Air Quality Data"},"title":"Get current air quality data of a particular post code","description":"","tags":[{"name":"Get Current Air Quality Data","type":"feature","displayName":"Get Current Air Quality Data"}],"startTime":"2021-05-31T13:18:18.097117800+10:00[Australia/Sydney]","duration":8708,"projectKey":"","isManualTestingUpToDate":false,"manual":false,"testSource":"Cucumber","result":"SUCCESS"}